{"cameraMode":{"drawMode":0,"name":"Shaded","section":"Shading Mode"},"sceneLighting":false,"audioPlay":false,"sceneViewState":{"m_AlwaysRefresh":false,"showFog":true,"showSkybox":false,"showFlares":true,"showImageEffects":true,"showParticleSystems":true,"showVisualEffectGraphs":true,"m_FxEnabled":true},"in2DMode":false,"pivot":{"x":0.005158901214599609,"y":6.559739631484263e-7,"z":-184.49728393554688},"rotation":{"x":0.03282979503273964,"y":-0.7506707906723023,"z":0.6588013768196106,"w":0.03740781918168068},"size":7.645802974700928,"orthographic":false}